Text,Label
Ninna message check madidya?,Neutral
"Homework complete aagide, illa inna pending ide?",Neutral
Office nalli meeting cancel aagide.,Neutral
Nanna mobile charge maadbeku.,Neutral
Illi traffic tumba heavy ide.,Neutral
Partyge yaaru bartha idare?,Neutral
Lunchge yenu plan ide?,Neutral
Naanu coffee tagodu beku.,Neutral
Game tumba interesting aagittu.,Neutral
Avanu late aagthaidane.,Neutral
YouTube video nalli idu nodi.,Neutral
Weekend plans yenu ide?,Neutral
"Illa, nanu busy aagiddini.",Neutral
Exam nalli yavaga start agutte?,Neutral
Shopping maadoke hogona.,Neutral
Class tumba bore aaythu.,Neutral
"Movie start aagide, let’s go.",Neutral
Yen time alva class start agutte?,Neutral
WhatsApp group nalli idanna share maadi.,Neutral
Party nalli enjoy maadidra?,Neutral
College nalli yaaru yaaru idare?,Neutral
Illi weather tumba chilly ide.,Neutral
Manege yen time ge barthiya?,Neutral
Test easy aagittu antha ansutte.,Neutral
Notes share madak bittu ninna.,Neutral
Tumba traffic al idde road nalli.,Neutral
Meeting yavaga start agutte?,Neutral
Homework complete madidra?,Neutral
Idanna screenshot maadu.,Neutral
Photo upload aagtha ide.,Neutral
Breakfastge yen thogoltheera?,Neutral
Library hogi study maadok yochistha idini.,Neutral
Phone charge zero aagide.,Neutral
Call maadi yochisona yen maadbeku.,Neutral
Weekend ge trip plan ideya?,Neutral
All hands up nAnd one like,Neutral
@psushilshankar ENT.,Neutral
@Bhimrao Naik appu fans support all Kannada films,Neutral
Daily  nodoru like madi,Neutral
@Navya N ya your right but I like him,Neutral
Ega ha ashvathama ellidhane,Neutral
Hindi.  ?,Neutral
Most liked song in KFI.,Neutral
Give me ur mail address,Neutral
ರಾಮ ರಾಮ ತುಸು ದಕ್ಷ ವೃಪ ಜಾರಿಪ,Neutral
Dia name meaning yenu,Neutral
tq kano,Neutral
One like for music,Neutral
Super movie 100 days,Neutral
@jagadish g dambal,Neutral
Pmt andre yavdu?,Neutral
Like Thalapathy Vijay Fans,Neutral
Full kdk,Neutral
Howdu huliya,Neutral
Prajwal Devraj is Back,Neutral
@Prasad Hegde Elli dull ide,Neutral
Rashmika n her fans,Neutral
Super roast but e pubg vedios yake sink madi roast madtira. Change madi,Neutral
@Ranjith think madirlilla,Neutral
Kirik party boys,Neutral
#AvaneSrimannarayana #HandsUp song last alli fork esiyodu sanvi anustte,Neutral
ABHINAYA CHAKRAVARTHI KICCHA SUDEEP FANS Like HERE,Neutral
Ya u true,Neutral
Anna adu real story,Neutral
Trending ...... Video.....Asn,Neutral
@Venu ahgbowdu.,Neutral
Like kiccha fans,Neutral
ಆದ್ರೆ ಚೀನಾ ಗೇ ಬಕೆಟ್ ಹಿಡಿತಾರೇ,Neutral
Bgm is good,Neutral
Music sup company,Neutral
@vinay shivamogga 1000% Right,Neutral
Hand's up,Neutral
@sᴀɴᴅᴀʟᴡᴏᴏᴅ sᴛᴜᴅɪᴏ ᴍᴏᴠɪᴇs munde gottagutte,Neutral
@SIDDARAJU D vhhhk,Neutral
ಗಾಳಿ ಮಾತಿನ ಬಜಾರು ಸುದ್ದಿ ಸಾರಿದೆ ಸುಮಾರು,Neutral
From ಯಶ್ fans,Neutral
@Ŕävîñđŕå_02_GøWđřú brother one point Nivu movie chennagi nodi BGM ULTI ide,Neutral
AGT-KELU (KANNADA RAP 2019),Neutral
Xi XP Zurich,Neutral
Duplicate  video,Neutral
Malayalam singer,Neutral
Like for singer #vijayprakash,Neutral
ನನಗು ತೊರಸಿ ಅಶ್ವತ್ತಾಮರಾ,Neutral
Narayana. Character. Yariga  istha. Illi. Like. Madi,Neutral
Dayanand 123 ಕಮಕಲಲ,Neutral
Hen music guru,Neutral
I hv one doubt gay gu ivarigu en difference heli,Neutral
STANY d Souza,Neutral
@dollegowda m hlo bro,Neutral
@satishnithyanandam lo kaidhi,Neutral
@kinu0505 report him,Neutral
Gali Matin Bazaru Sudi Saride Sumaru... Adu yen Andre...!nIDU CHARITRE SRUSTISO AVATARnVijay Prakash voice nice.,Neutral
@MOVIES BOX o Robert,Neutral
10 ಮಿಲಿಯನ್ ವಿವ್ಸ್ ಆಗುತ್ತೆ ಅನ್ನೋರು ಲೈಕ್ ಮಾಡಿ,Neutral
@punter 18 pakka,Neutral
May be after hamsaleka,Neutral
Gta 5 bro,Neutral
LA TV all Yb comedy,Neutral
Hands up yav pada pa,Neutral
@CHNADU Ganeshakar xxx,Neutral
Nanna ekkada ನನ್ನ ಎಕ್ಕಡ,Neutral
ದಿಯಾ ನೀವು ಸೋಷಿಯಲ್ ಮೀಡಿಯಾ ಅಲ್ಲಿ ಕಾಣ್ತಿಲ್ಲ.nದಯವಿಟ್ಟು ಪ್ರತಿಕ್ರಿಯಿಸಿ,Neutral
E song alli flare gun ide,Neutral
Pandavaru mamsa tinthidra,Neutral
dboss true fans like here,Neutral
Please provide more kannada,Neutral
Basanni baa  kannada movi,Neutral
@SANGMESH NADVINMANI y bro,Neutral
Nanu 2 sala nodidini,Neutral
Poornima Poornima oooooooooooo brami,Neutral
Ravi Kumar Naidu Ravi Naidu hu,Neutral
@Deepa CH Roll no-24,Neutral
I waiting bro,Neutral
Tereya abhinayada indide jeevanada pathra,Neutral
@manz game yes!,Neutral
@10 R report madi avna,Neutral
@jagadish g dambal the,Neutral
Who is after Howdu Huliya,Neutral
Only Kannada no English,Neutral
@G D yatheesh good job BRO,Neutral
Looks like dboss dancing.... ..from dboss fan...,Neutral
Ee song Virat Kohli & Modi ji ge perfect match akkati🥰n#ASN Rakshit anna,Neutral
ಲಾಸ್ಟ್ ಅಲ್ಲಿ Fork  ಎಸೆದಿದ್ದು shaanvi aka Lakshmi ಇರಬಹುದಾ ಅನ್ನೋರು like ಮಾಡಿ,Neutral
Super Anna. Neev helid Matu 100% nija. Onedu Matalu oned artayide.,Neutral
Is it true,Neutral
ಉತ್ತರ ಕರ್ನಾಟಕದ ಭಾಗದಲ್ಲಿ ನಡೆದ ನೈಜ ಘಟನೆ ಆಧಾರಿತ ಕಥಾ ಸಂಗ್ರಹ,Neutral
Shankar Nag Nenapugalu,Neutral
Telugu lo super,Neutral
Tik tok vade gala,Neutral
@Nagaraj h Jagavar 777 Charlie barutte next,Neutral
ಕೇಳ್ತಾ ಕೇಳ್ತಾ,Neutral
@christ anil nimmappa alvenro,Neutral
Give link to that pandi kokku song ....,Neutral
@Lalsab Mulla tq sir,Neutral
@Madan Kumar super,Neutral
@anirudh 8 mostly avru Ee film nalli iddare anusutte,Neutral
Oh baby once again also yaar,Neutral
ಇದು ಚರಿತ್ರೆ ಸ್ರಷ್ಠಿಸೋ ಅವತಾರ,Neutral
Yad Ustad Ali comedy,Neutral
Shankranna= RakshithnUppi Dada= Rishabh,Neutral
ನಂಗ್ ಅನ್ಸುತ್ತೆ... ಶೆಟ್ರುದು ಡಬಲ್ ರೋಲ್ ನಲ್ಲಿ ಇದರೆ ಅಂತ...,Neutral
Godiyaga ata aadtida,Neutral
Basavaraj Marennavar bangaradamanususya,Neutral
@kiran cg avaru Hyderabad Alli irodu anta heliddu.hyderabad Karnataka region anta helilla,Neutral
Nagaraj h Jagavar a,Neutral
Yes bro ...,Neutral
Gta 5 bro,Neutral
Jai appu boss,Neutral
Beard and walking style,Neutral
Who is pavan kalyan?,Neutral
Nammuralli bandidda nane One-up coffee bread kottu kalsde.....,Neutral
Le hudugira tik tok bidi banni lagori aduma horagde social distance nalli lagori ata tik tok ge tata only for tik tok girls ________,Neutral
@Shiva Prasad yes bro,Neutral
Jai d boss,Neutral
Bro....ii movie online nalli elli sigutte....or TV yalli yavaga haktare......plzzzzzzzzz helu,Neutral
My name is re nu ka hai jo mujhe pasand nahi aayi,Neutral
n 0,Neutral
Wt Abt devarkonda,Neutral
@Kartik GONEPPANAVAR Kartik GONEPPANAVAR fttc,Neutral
Yes true guru,Neutral
Currect agi helidri sir,Neutral
Idu charitre srushtiso avatara e line kelidmele tak anta nenpagodu vijay prakash sir annovru like madi,Neutral
sir nimmannu naanu 1st nodiddu Manethana  annuva 2.30 serial nalli sir...20 years before sir...but adra nanthara evagle nodtha erudu sir...,Neutral
Nayanappa's book ??,Neutral
+Nabilal S ಕಗಬಜ,Neutral
Buety.. Guru..,Neutral
Godiyaga isfet adatida,Neutral
Sir naanu Visakhapatnam li iradhu,Neutral
ಹೌದು ಕನ್ನಡತಿ ಭುವನ ಅವ್ರೆ.ಜೈ ಕರ್ನಾಟಕ ಮಾತೆ.ಜೈ ಭುವನೇಶ್ವರಿ ತಾಯಿ.ಜೈ ಕನ್ನಡಿಗ.ಜೈ ಕನ್ನಡತಿ ಕಣ ಕಣದಲ್ಲೂ ಕನ್ನಡ.ಕನ್ನಡವೇ ಸತ್ಯ.ಕನ್ನಡವೇ ನಿತ್ಯ. ಸಿರಿಗನ್ನಡಂ ಗೆಲ್ಗೆ. ಸಿರಿಗನ್ನಡಂ ಬಾಳ್ಗೆ.ಕನ್ನಡದ ಭಕ್ತ ಶಿವರಾಮ್ ಗೌಡ ಮಂಡ್ಯ.6363014117.8296261615.,Neutral
34 m v,Neutral
Telugu version upload madurri,Neutral
@Megharaj 1,Neutral
In udupi sir,Neutral
Hata best D Boss fans,Neutral
Slow poison song annoru like madi,Neutral
@Chaitanya P hwdu,Neutral
Make it 100,Neutral
Rashmika missed him!,Neutral
ಹ್ಯಾಪಿ ನ್ಯೂ year ಇನ್ ಅಡ್ವಾನ್ಸ್ ಅಂಡ್ ಇಮ್ ವೈಟಿಂಗ್  ಅವನೇ ಶ್ರೀಮನ್ನಾರಾಯಣ ರಕ್ಷಿತ್ ಶೆಟ್ಟಿ ಸರ್,Neutral
ಅಪ್ಪು ಅಭಿಮಾನಿಗಳು ಲೈಕ್.. ಮಾಡ್ರೋ 🤗,Neutral
@Mad Titan Zoom ultra modem,Neutral
Telugu r we joke of u,Neutral
ನಾಲ್ಕು ಯುಗಗಳು ಮುಗಿದ ಮೇಲೆ ಪುನ,Neutral
Ragad song  ....,Neutral
Nim mane ge banadhu ellva ..,Neutral
Anna aswathama ge kannada barutta,Neutral
@Sowjanya M.Y ha...sister,Neutral
ASN,Neutral
ಟೈಮ್ ಅನ್ನೋದೇ ಹೀಗೆ,Neutral
Guru Pub G game.....,Neutral
pakka prufff kodi,Neutral
E film adru chenag odli,Neutral
Tennis Krishna fans hit like,Neutral
Hindi me lao,Neutral
Visual are super totoly  movie,Neutral
Vishnu Dada fans like madi,Neutral
APPU Fan,Neutral
Handsup shoot madbeka dishkaew,Neutral
Paramvah Music uuuujnxgjmifjkijhn Ya jinhen,Neutral
@Samuel Sam,Neutral
@Chethan Chethu ಜೈ ಡಿ ಬಾಸ್,Neutral
Idu riyel rar,Neutral
ಗುರು ಅಶ್ವತ್ಥಾಮ ಯಾವ ಬಾಷೇ ಮಾತಾಡ್ತಿದ್ದ ಅಂಥ ಹೇಳಿ ನಿಮಗೂ ಗೊತ್ತಿಲ್ಲ ಅಂದ್ರೆ ಆ ಡಾಕ್ಟರ್ ಅನ್ನು ಕೇಳಿ ತಿಳ್ಕೊಂಡು ಹೇಳಿ ನಮ್ಮ ಕನ್ನಡ ವಾದ್ರೆ ತೊಂಬ ಸಂತೋಷ ವಾಗುತ್ತೆ ಅಲ್ವಾ,Neutral
In udupi sir,Neutral
ಸರ್ ಅಶ್ವತ್ಥಾಮ ಆ ವೈದ್ಯರ ಮನೆಗೆ ಬರುತ್ತಿದ್ದ ಅಂತ ಹೇಳುದ್ರಿ ಅವನಿಗೆ ಹೇಗೆ  ಗೊತ್ತು ಅವರು ವೈದ್ಯರು ಅಂತ ಮತ್ತೆ ಮುಖ್ಯವಾಗಿ ಮಹಾಭಾರತ ಕಾಲದಲ್ಲಿ ಹಿಂದಿ,Neutral
ನನಗು ತೊರಸಿ ಅಶ್ವತ್ತಾಮರಾ,Neutral
ನಾಲ್ಕು ಯುಗಗಳು ಮುಗಿದ ಮೇಲೆ ಪುನ,Neutral
Raktha rathri yakshagana nodi maryare,Neutral
Yes edre adare yli?,Neutral
Pandavaru mamsa tinthidra,Neutral
Kaiwarada thathayya(yogi narayanappa),Neutral
Fix CCTV ......confirm,Neutral
Priya Goudar,Neutral
Duplicate  video,Neutral
Hinene sariyagide sir,Neutral
Navu. Rent tagondu,Neutral
Well side bro,Neutral
Amar Prasad .com,Neutral
@Sai Kumar may be,Neutral
Agadre no 3 yaru,Neutral
ಪ್ರಪಂಚವನ್ನೇ ನಡುಗಿಸುತ್ತಿರುವ ಉಗ್ರವಾದ ಕರೋನಾಗೆ ಶಾಕ್!!nರೂ.50,Neutral
Thank  you  sir,Neutral
ಆದ್ರೆ ಚೀನಾ ಗೇ ಬಕೆಟ್ ಹಿಡಿತಾರೇ,Neutral
S ur ryt,Neutral
ಜೈ ಮೋರಿ ಜೈ ರೋಗಿ ಇಸ್ಲಾಂ ಸಾಯಿಸಿ ಇದೆ ಇವರ ಗುರಿ,Neutral
ಎಲ್ಲಾ ಸರಿ ಗುರು,Neutral
Well said bro,Neutral
Epic comment....,Neutral
@Dhanik Patel I am not blaming India bro,Neutral
@Karthik S Reddy 1,Neutral
Bazaar annodu kannada padana guru?,Neutral
hands up english alva,Neutral
@maneesh / jlu,Neutral
@SIDDARAJU D vhhhk,Neutral
@Karthik S Reddy 46449449494,Neutral
@Sujan Tejas bdj try j,Neutral
@Shashank Shashu super bro,Neutral
@Madhu Madhu thanks bro,Neutral
Good job shivu,Neutral
600 ನೆ ಲೈಕ್ ನನ್ನದೇ,Neutral
@ganesha m by,Neutral
Shivu Patil,Neutral
Song lyrics in kannada n,Neutral
Flair gun  ge hondu like,Neutral
@Raja Vishnuvardhana Tamil of ciurse,Neutral
@Thiru valluvan good bro...grt,Neutral
@Lavanya gowda Tan Q Sister,Neutral
@Rock Siddu hehehe,Neutral
yarella shivaji surathkal nodidira,Neutral
Kannadada Carrynಹೊಡಿ 9,Neutral
Hands up nahi Hands down,Neutral
After 10 pm,Neutral
Good morning mam,Neutral
Super sogs guru,Neutral
Hi my friend,Neutral
Hi my friend,Neutral
Me bro,Neutral
Vijay prakash,Neutral
Gichha song appsji,Neutral
@info abhi ಏನ್ ಡೈಲಾಗ್ ಪಾ,Neutral
Swalpa aerial tara ide.,Neutral
Like salman jettender,Neutral
V CCC gihkhj,Neutral
@AKSHAY ANAND,Neutral
@AKSHAY ANAND n 1,Neutral
Who is pavan kalyan?,Neutral
Give link to that pandi kokku song ....,Neutral
ಗಾಳಿ ಮಾತಿನ ಬಜಾರು ಸುದ್ದಿ ಸಾರಿದೆ ಸುಮಾರು,Neutral
ರಕ್ಷಿತ್ ಶೆಟ್ಟಿ girl friend,Neutral
STANY d Souza,Neutral
Rakshith fan kerala,Neutral
Bindu  lowda smartphones laptop kelvu brand chinade agidru nav use madtha erodakke already tax kattidivi en  munde kattod beda antha heltha erodu,Neutral
Tik tok vade gala,Neutral
Hen music guru,Neutral
Friend's Block tickets kuda sigalla,Neutral
ರಾಬರ್ಟ್ ಫಸ್ಟ್ ಲುಕ್  ನೋಡಿದ್ದೀರಾ ಲೈಕ್ ಮಾಡಿ,Neutral
He he he..,Neutral
2nd song(Narayana) releasing tomorrow @11,Neutral
Hands up ‍‍‍,Neutral
Kgf fan like har,Neutral
Kannadalli bandiro yella cinema December 27 kke hands up yidu charitre shrushtisu avatar annovru like madi,Neutral
100 times correct,Neutral
Slow poisoning song,Neutral
E song alli flare gun ide,Neutral
KANNADA KAGI  LIKE ANU VATHi      n,Neutral
Manu Lachchi fa)ks,Neutral
@Manju Flower cbv,Neutral
2019 last end -2020 this movie Rakshit settyge break kodutte annoru like madi,Neutral
Shankar Nag is back 🤗,Neutral
ಹೌದು ಕನ್ನಡತಿ ಭುವನ ಅವ್ರೆ.ಜೈ ಕರ್ನಾಟಕ ಮಾತೆ.ಜೈ ಭುವನೇಶ್ವರಿ ತಾಯಿ.ಜೈ ಕನ್ನಡಿಗ.ಜೈ ಕನ್ನಡತಿ ಕಣ ಕಣದಲ್ಲೂ ಕನ್ನಡ.ಕನ್ನಡವೇ ಸತ್ಯ.ಕನ್ನಡವೇ ನಿತ್ಯ. ಸಿರಿಗನ್ನಡಂ ಗೆಲ್ಗೆ. ಸಿರಿಗನ್ನಡಂ ಬಾಳ್ಗೆ.ಕನ್ನಡದ ಭಕ್ತ ಶಿವರಾಮ್ ಗೌಡ ಮಂಡ್ಯ.6363014117.8296261615.,Neutral
Super rakshith shetty,Neutral
Rasmeka u r un like he is so cuteeeeee his simple  alte,Neutral
Fans wars bittu Nam Kannada films belibeku annoru like madi..,Neutral
@Samyak H P ಖಂಡಿತವಾಗಿಯೂ,Neutral
@Bhimrao Naik appu fans support all Kannada films,Neutral
@Bhimrao Naik nIde beda anta helodu,Neutral
Krishna Tirividi ಹೌದು ಕರೆಕ್ಟ್..ಅಪ್ಪು ಫ್ಯಾನ್ ಕಡೆಯಿಂದ..,Neutral
Mungaru male and dia,Neutral
Nanige thumba esta aytu chitrakate diya du love mocktail kinta tq keep it up,Neutral
Sir naanu Visakhapatnam li iradhu,Neutral
Sir madam ninmna once aldru meet mada beku,Neutral
96 film tamil alli blockbuster... gultoo,Neutral
1st rank raju,Neutral
Nan nodidini mobile li,Neutral
nanu Attidini climax nalli,Neutral
Diya,Neutral
Please movie na re release madi,Neutral
Bere bashyalli anuvadha maadi,Neutral
@christ anil nimmappa alvenro,Neutral
Soori anba song nodi bandavru  like maadi,Neutral
@Chethan Chethu ಜೈ ಡಿ ಬಾಸ್,Neutral
Jai D Bossssss,Neutral
@psushilshankar ENT.,Neutral
Let's pray,Neutral
@d boss mania Yegurkollale cake cutting puk,Neutral
Bookmyshow nalli Robert ge interest kodi,Neutral
Prajwal Devraj is Back,Neutral
1st view bro,Neutral
Like madi link share madi,Neutral
ಧ್ರುವ ಬಾಸ್ ಅಭಿಮಾನಿಗಳು ಲೈಕ್ ಮಾಡಿ,Neutral
ಯಾರ್ಯಾರು ಕಾಯ್ತಾ ಇದ್ದೀರಾ ಒಂದು ಲೈಕ ಮಾಡಿ,Neutral
@MADHU S B,Neutral
@MADHU S B ಹೌದು ಗುರು,Neutral
Srinidhi ಶ್ರೀ w,Neutral
Bro....ii movie online nalli elli sigutte....or TV yalli yavaga haktare......plzzzzzzzzz helu,Neutral
Hello Hindi song,Neutral
Hindi song trailer no promotion release Hindi trailer in Hindi channel,Neutral
Hindi me lao,Neutral
Hidden details in trailer of Avane Srimanarayana ....n,Neutral
Malayalam singer,Neutral
Next Shankar nag born,Neutral
Hindi song bittilva?,Neutral
Bro hindi language pls,Neutral
Paramvah Music Hindi?,Neutral
I am looking for Hindi song...,Neutral
Next shankar nag boss,Neutral
GTA 5 BRO,Neutral
GTA 5 bro,Neutral
Gta 5 bro,Neutral
Kapi baddathade super,Neutral
Nys cmnt gagana mem,Neutral
@suresh surya tq sir,Neutral
ಖಂಡಿತ ಮಾಡ್ತಿನಿ bro,Neutral
Gta 5 bro,Neutral
Bro nanu kichcha fan bro...,Neutral
@gowthami gowthami wow nice...,Neutral
@Praveen M V,Neutral
Olledaytu bidi mem,Neutral
ಏನ್ ....... ಪಾ ಅವರ್ನ್,Neutral
ಕರೆಕ್ಟ್ ಬ್ರದರ್ love you bro,Neutral
Super Anna. Neev helid Matu 100% nija. Onedu Matalu oned artayide.,Neutral
Super Guru,Neutral
Channag ugide bro,Neutral
ಟೈಮ್ ಅನ್ನೋದೇ ಹೀಗೆ,Neutral
pratham hel oda,Neutral
ಶಂಕರ್ ಅಶ್ವಥ್ ಸಾರ್,Neutral
sir nimmannu naanu 1st nodiddu Manethana  annuva 2.30 serial nalli sir...20 years before sir...but adra nanthara evagle nodtha erudu sir...,Neutral
Love u rakshita shetty,Neutral
Beard and walking style,Neutral
ಕೇಳ್ತಾ ಕೇಳ್ತಾ,Neutral
Unique tune.. Ade thamte,Neutral
Ajanesh lokanath,Neutral
One side,Neutral
Ninyavaga hindi li nodidiyappa?? Swalpa link share madu??,Neutral
@Nithi nithinNav en madvappa....,Neutral
#KGFCHAPTER2  #KGF2,Neutral
Short film EDITING ಮಾಡುವುದು ಹೇಗೆ ಲಿಂಕ್nn,Neutral
Lo troll madtadyalla nin us mado mobile ysvdo,Neutral
ನಾನು ಸಣ್ಣಾವಿದ್ಧಾಗ ನಮ್ಮ ಅಜ್ಜ,Neutral
Manu baligar avaru gadag jille shirahatti taluk Shigli gramadavaru. Nanu ade gramadavanu.,Neutral
ಸುಪರ್ ತೊಗರಿ ತಿಫ ಲಾಚನಕೇರಿ,Neutral
Suryana Mari,Neutral
Bari ait re,Neutral
Malayalis pore,Neutral
Dia name meaning yenu,Neutral
@siddu raj,Neutral
Ban agoithalla bro Inna yenidhru tamte saddhu yerd steppu  ashte,Neutral
Please sir Tik tak bide,Neutral
Shankar sir moulyayutha nudigalu,Neutral
Yes bro correct,Neutral
Awesome song! 2nd Shankarnag to KFI,Neutral
@anirudh 8 mostly avru Ee film nalli iddare anusutte,Neutral
Super rashita Sir,Neutral
@Raja Vishnuvardhana Ohh,Neutral
Loved vijay prakash sir voice,Neutral
All hands up nAnd one like,Neutral
Adu support irodarinda,Neutral
Share madta idini,Neutral
ಹಾಡು ಮಾತ್ರ,Neutral
E mathu,Neutral
Hands up song ge,Neutral
Hands Up antha Rashmika goskara bardang ide,Neutral
Slow poison song hit like if u agree,Neutral
Yes true guru,Neutral
Leak alla adu theater run mugdidakke nAmazon prime hakidare,Neutral
@krishnanand naik ಸರ್,Neutral
Account details kodi sir.... Love you  love you  love you,Neutral
Nanu 14 sala nodidha movie idhu,Neutral
Sir enthavru jaatre dialogue,Neutral
Nanu yash sudeep darshan appu cinema bittu yardu nodalla,Neutral
@PRAJWAL NAYAK Karnataka bro,Neutral
ರಾಮ ರಾಮ ತುಸು ದಕ್ಷ ವೃಪ ಜಾರಿಪ,Neutral
Bipin Chettejana Rama Rama Tusu Daksha Vrutha Jaripa.,Neutral
ta ta ta ta ta da da da,Neutral
January yalli nodidavaru like madi,Neutral
Nagaraj h Jagavar a,Neutral
@Nagaraj h Jagavar 777 Charlie barutte next,Neutral
444444 super 30,Neutral
6 6 6 6 6 6  super 30,Neutral
@Sanju Sp adhu gun hesru,Neutral
ಎಂಥ lines,Neutral
May be after hamsaleka,Neutral
Like for singer #vijayprakash,Neutral
Rashmika n her fans,Neutral
Looks like Rango Movie,Neutral
E song first time yarig tilidila avr like madi,Neutral
Yaru boss alla,Neutral
200 ne like nande,Neutral
Hidden details in trailer of ASNn,Neutral
#AvaneSrimannarayana #HandsUp song last alli fork esiyodu sanvi anustte,Neutral
Different r s maga ninu,Neutral
Ditto shankranna kandru aa step hakovaaga,Neutral
DAGAR IN BAR nAFTER RAKSHIT  HITnn,Neutral
@Nikhil Karkala,Neutral
ನನ್ನ ಗೆಲ್ಬೋದು ಅನ್ನುತ  ನಿಂತನು ಓರ್ವ ರಾಕ್ಷಸ,Neutral
Ya bro  true,Neutral
@Kumara Kantirava sari nodu,Neutral
@varshini hmk yeha I know ...,Neutral
mode ON,Neutral
Who hate rashmika mandana like heare,Neutral
Gun ಹೆಸ್ರು ಅನವರತ ಇರ್ಬಹುದಾ? 🤔🤔🤔nಗೊತ್ತಿಲ್ಲ ಇದ್ರು ಇರಬಹುದು,Neutral
@Ranjith think madirlilla,Neutral
57 time,Neutral
@G D yatheesh good job BRO,Neutral
@MOVIES BOX o Robert,Neutral
charan gowda  db,Neutral
Isske samne dabbang flop hai..ASN,Neutral
Like from Kasaragod,Neutral
up......,Neutral
His gun is like a flair gun,Neutral
Different song,Neutral
Pakkar agidhe .......song,Neutral
4.19 ....SRK Pose,Neutral
Even i felt the same..,Neutral
So good boss,Neutral
Very true bro,Neutral
uff  kedu,Neutral
Wat dat means bro,Neutral
@manju Vivek means awesome,Neutral
@Abhijith shetty no klnAp no kkjjmb nn 🤡🧖‍🧡🧣🧤🧘‍🧘🧘‍,Neutral
Hi friends nanna atira ondu kate ide adanna short movie maadbeku antha ase adre adu agtailla please saport maadi 7875182258 idu nanna no,Neutral
Neev super marree...,Neutral
@Mithun KUDLA well said bro,Neutral
Telugu r we joke of u,Neutral
@satishnithyanandam lo kaidhi,Neutral
@Nandi Parthasarathi nim Amman thulavru,Neutral
@Sammy Gunda s bro,Neutral
ಲಾಸ್ಟ್ ಅಲ್ಲಿ Fork  ಎಸೆದಿದ್ದು shaanvi aka Lakshmi ಇರಬಹುದಾ ಅನ್ನೋರು like ಮಾಡಿ,Neutral
Swalpa Shankar nag no did a hage kanuthe,Neutral
@Manjumani Manjumani yes really sure,Neutral
@Venu ahgbowdu.,Neutral
Handsup shoot madbeka dishkaew,Neutral
Link share madi,Neutral
. Hindi Ali,Neutral
Paramvah Music hindi,Neutral
Sir pls answer abt Hindi version...,Neutral
Hindi.  ?,Neutral
@Raj T yes,Neutral
hindi song link pls,Neutral
Hi Paramvah Music,Neutral
@jagadish g dambal,Neutral
@jagadish g dambal,Neutral
@jagadish g dambal,Neutral
I'mGM million  0pp0.,Neutral
@jagadish g dambal the,Neutral
Please upload drama song,Neutral
@anup kulkarni T-Series,Neutral
@Srihari Y Gdeepak,Neutral
Paramvah Music inn,Neutral
Paramvah Music in,Neutral
Paramvah Music as,Neutral
After #marakkar trailer,Neutral
@Basavaraja S A aw in km. M km kmnnMN MN on,Neutral
Basanni baa  kannada movi,Neutral
Paramvah Music uuuujnxgjmifjkijhn Ya jinhen,Neutral
@Sandeep Nagaraj o,Neutral
@Raghul SUNIL PANZER WAS,Neutral
NEW KANNADA FEMALE VERSION SONGn,Neutral
AGT-KELU (KANNADA RAP 2019),Neutral
Kirik party boys,Neutral
SLOW POISON SONG,Neutral
Ggggggggggggggggggggg song of 2019 to 2020 one like for 2020,Neutral
Yaaru illi movie nodkondu bandidira like  madi...,Neutral
Story e movie plus point,Neutral
@Lalsab Mulla tq sir,Neutral
Shankranna= RakshithnUppi Dada= Rishabh,Neutral
@Navya N ya your right but I like him,Neutral
Poornima Poornima oooooooooooo brami,Neutral
@Pradeep.Uppi. Uppi.,Neutral
Superr bhaii songs,Neutral
6) vijaya devarakonda,Neutral
ha ha ha ha,Neutral
Haha  nija,Neutral
Wt Abt devarkonda,Neutral
100 million song idu,Neutral
@Sachin Y S nim number send made bro,Neutral
Super song and super dance,Neutral
One like for music,Neutral
Visual are super totoly  movie,Neutral
Vp super voice,Neutral
Rakshith ShettynRishab shetty nFans hit like here,Neutral
AwesomenJai kichcha 🤩,Neutral
Nagarjuna avaru lyrics bardirodhu!!,Neutral
@Dhee Pu adu Acchhagannada,Neutral
Ragad song  ....,Neutral
#BOSS FAN'S YELLA LIKE MADRO,Neutral
Wow wt I seen ?? Osmm,Neutral
HistorynBefore sanvinAfter shanvi,Neutral
@Praveen P ik,Neutral
Moorne kgf 2,Neutral
Nice PD 🤘,Neutral
sleeping beauty syndrome,Neutral
Appu boss fan's like mdi,Neutral
@Vinay Vn  nani gentle men??,Neutral
Super movie 100 days,Neutral
ಮನೆಯಿಂದಲೇ ಸಂಪಾದಿಸಬೇಕೇ? With income proof. WhatsApp 6362806874,Neutral
ಭಾರೀ ಚಲೋ ಅಯ್ತ್ರಿ,Neutral
D. Boss abhimani kadeyinda,Neutral
a d b boss,Neutral
Super  appu Bøss fans,Neutral
@Deepa CH Roll no-24,Neutral
D boss kaa bro.....,Neutral
Jai appu boss,Neutral
Godiyaga isfet adatida,Neutral
Godiyaga ata aadtida,Neutral
ನನಗೆ ಯಾದಿ ಮೇ ಶಾದಿ  ಕ್ಯಾಸೆಟ್ ಹಾಡುಗಳು ಬೇಕಾಗಿವೆ,Neutral
ನನಗೆ. ಯಾದೀಮೇ. ಶಾದೀ.ಹಾಡುಗಳು.ಬೇಕಾಗೀವೇ,Neutral
Chalu ati nataka,Neutral
@live vijju 2.0,Neutral
Prajakeeya barle beku,Neutral
Hiii......Amar Prasad avre,Neutral
Yes bro ...,Neutral
Like Thalapathy Vijay Fans,Neutral
Kiccha Sudeep sir Fans Like Here,Neutral
ABHINAYA CHAKRAVARTHI KICCHA SUDEEP FANS Like HERE,Neutral
@Chandra kanth naa siggappu manithan,Neutral
Yenta mat andi yappa,Neutral
@SANGMESH NADVINMANI y bro,Neutral
Rocking star Yash fans like here,Neutral
jAi D Bo'ss,Neutral
@Venki Udv but story line seems different.,Neutral
Bgm is good,Neutral
Jai d boss,Neutral
Prajwal devraj,Neutral
Prajwal devaraj,Neutral
One more lucia movie,Neutral
E film adru chenag odli,Neutral
Jai dboss,Neutral
Jai D Boss,Neutral
Jai D Boss,Neutral
Hata best D Boss fans,Neutral
Jai d boss,Neutral
jai d boss,Neutral
Please support prajakiya,Neutral
Next scene saanvi,Neutral
Ajneesh Lokanath,Neutral
@Harisha BE,Neutral
@Mithun KUDLA uppad,Neutral
ನಂಗ್ ಅನ್ಸುತ್ತೆ... ಶೆಟ್ರುದು ಡಬಲ್ ರೋಲ್ ನಲ್ಲಿ ಇದರೆ ಅಂತ...,Neutral
@Hithu aradhya where??,Neutral
Hidden details in  trailer of Avane Srimanarayana....n,Neutral
Yes yes yes🤟,Neutral
Yes bro avaga song ajneesh sir voice alli ittu,Neutral
dilip kumar nanu kuda bro,Neutral
ಎನ್ making ಗುರು,Neutral
It's like Good bad weird,Neutral
Super amazing if u like rakshith shetty like,Neutral
ಅಪ್ಪು ಅಭಿಮಾನಿಗಳು ಲೈಕ್.. ಮಾಡ್ರೋ 🤗,Neutral
@Dr Vishnu Dada- Appu,Neutral
ಕನ್ನಡಿಗ ಕಲಾರಸಿಕ nAvane Srimannarayana Trailer-BGM n          Re-Createdn,Neutral
Who else remembered rango???,Neutral
@Lemon & are you from odissa?,Neutral
@manz game yes!,Neutral
anup kulkarni... True,Neutral
FOCUS KARNATAKA howdhu 🤪,Neutral
@Manju Sonu  ಅಭಿನಂದನೆ,Neutral
@Kiran R  ಸಿನಿಮಾ  ನೋಡಿ promotion ಮಾಡಿ,Neutral
Ajaneesh loknath love u man,Neutral
Hindi version yelli,Neutral
B Ajaneesh Lokanath BGM Stun Bro..,Neutral
@Nanjunda Rao,Neutral
Tereya abhinayada indide jeevanada pathra,Neutral
ವಿಜಯ್ ಮಲ್ಯ ಅವರೇ,Neutral
Le hudugira tik tok bidi banni lagori aduma horagde social distance nalli lagori ata tik tok ge tata only for tik tok girls ________,Neutral
My dream IPS,Neutral
Nanu 2 sala nodidini,Neutral
2020  new year special viewers like here,Neutral
Any Hubli Hudga Here,Neutral
Give me ur mail address,Neutral
Yav thappu illa,Neutral
Hanna neve super,Neutral
Nim uru yavdu,Neutral
Hoooo Tik tok ban,Neutral
Yaw game guru edhu,Neutral
Super roast but e pubg vedios yake sink madi roast madtira. Change madi,Neutral
@jeevan gowda ಧನ್ಯವಾದ.,Neutral
ಈಗ ಎಲ್ಲಾ ಮಕ್ಕಳಿಗೂ ಎಗ್ಜಾಮ್ ಟೆನ್ಶನ್ ಎಸ್ಎಸ್ಎಲ್ಸಿ ಪಿಯುಸಿ ಮುನ್ನಾದಿನ ಅವರ ಮನೆಗಳನ್ನು ಸ್ವಚ್ಛ ಮಾಡಿಕೊಳ್ಳುವುದು ಬಹಳ ಇದೆ,Neutral
nim manigu bandidna.......?,Neutral
Yar yaru ashwattama badukidanendu nambutero Elli ondu like madi,Neutral
Is it omg,Neutral
jai sri ram,Neutral
Nam oorigu  bandidda. Nanu chicken biryani tinsi  kalsde,Neutral
Nija na 🤔🤔🤔,Neutral
Nammuralli bandidda nane One-up coffee bread kottu kalsde.....,Neutral
pakka prufff kodi,Neutral
Anna aswathama ge kannada barutta,Neutral
Vaidyo narayano Hari,Neutral
ಮಹಾಭಾರತದ ಕಾಲದ ಭಾಷೆ ಯಾವುದಾಗಿತು,Neutral
Sanskrit language bro....,Neutral
ಅಶ್ವತ್ಥಮ್ ನಿಗೆ  ಎಷ್ಟು ಭಾಷೆ ಬರುತ್ತವೆ ಅಥವಾ ಯಾವ ಭಾಷೆ ಬರುತ್ತೆ?,Neutral
Nijana edhu,Neutral
Ega ha ashvathama ellidhane,Neutral
And Narayan swamy yaru yava uru,Neutral
Is it true,Neutral
Avana Basha Yevadu,Neutral
ನನ್ನ ಮನೆಗೆ ಬಂದಿದ್ದ full party ಮಾಡಿದ್ವಿ ಇದನ್ನು update ಮಾಡಿ brother,Neutral
Nanu nodhidhini uttar Pradesh forest,Neutral
Nange ondu doubt ? mahabharatha nijavagi nadedidya ?? Or ಕಥೇನ??,Neutral
Nim mane ge banadhu ellva ..,Neutral
Avnu bandiddre avana video akki,Neutral
Sathya na guru??,Neutral
Nayanappa's book ??,Neutral
havdhu Nama manegu bandhidha .asshvathama,Neutral
@K. LATHEESH KUMAR Kodical ಯಾಕ್ ಅಣ್ಣ,Neutral
Anna adu real story,Neutral
@Entertainment Gaming okkk,Neutral
@Entertainment Gaming ನಿಮ್ಮ ನಂಬಿಕೆಗಳು,Neutral
@Entertainment Gaming ohhh sari guru nambthine,Neutral
Nanna ekkada ನನ್ನ ಎಕ್ಕಡ,Neutral
@KGF Adda boss,Neutral
@Mad Titan 8iokkiyhopbrfnllj,Neutral
@Mad Titan Zoom ultra modem,Neutral
ಉಡುಪಿ ಜನತೆ ಒಂದು ಲೈಕ್ ಮಾಡಿ,Neutral
No..chandan rap song,Neutral
@sumit patil KGF,Neutral
Oh baby once again also yaar,Neutral
Now karabu is most liked song,Neutral
No.1 song ri,Neutral
Hands up for Vijay sir,Neutral
Same here too..Hyderabadi Kannadiga,Neutral
@kiran cg avaru Hyderabad Alli irodu anta heliddu.hyderabad Karnataka region anta helilla,Neutral
Kannada  s,Neutral
LA TV all Yb comedy,Neutral
U-turn is telugu or tamil movie na..?,Neutral
U missed duniyaa movie,Neutral
Signature step,Neutral
@citizen408 ok bro,Neutral
@Ranganath S yes,Neutral
@abhi k patil yes.... ASN,Neutral
Ravi Kumar Naidu Ravi Naidu hu,Neutral
Telugu version upload madurri,Neutral
@KICCHA DHF yes 2,Neutral
@KICCHA DHF n,Neutral
ಸೆಕ್ಸ್ ಸೆಕ್ಸ್ ಸೆಕ್ಸ್ ವೀಡಿಯೋಸ್,Neutral
@Pooja Gupta true,Neutral
My name is re nu ka hai jo mujhe pasand nahi aayi,Neutral
Dubbing madidare song agodilaa 100 million,Neutral
@Yashas Cp pakka,Neutral
Super songs from,Neutral
14 million views,Neutral
@White Angel jhah,Neutral
@manju c hha,Neutral
D boss fanzzz in Sakaleshpur,Neutral
Rock song rs boss,Neutral
Please provide more kannada,Neutral
idu charitre srushtiso AVATAARA,Neutral
Keli kadiruva bandhavarenBhuviyalli avana aritavarenYarilla bidi,Neutral
My  song,Neutral
Super  songs,Neutral
Mini shankar nag,Neutral
ಕೆಲಸ ಬೇಕಾnCall to 8546903696,Neutral
@Kartik GONEPPANAVAR Kartik GONEPPANAVAR fttc,Neutral
Avane sriman narayana,Neutral
Ya u true,Neutral
@punter 18 pakka,Neutral
Games games cover,Neutral
After #marakkar trailer,Neutral
Vijay prakash sir,Neutral
Movie release agli,Neutral
Suraj Suraj suuuuper brother,Neutral
100 days pakka annoru like madi,Neutral
ಗಜಿ  ಆಶು,Neutral
Super song R S fans,Neutral
Film nodidmele ee song ge addict aadavaru like maadinYalllrigu thanks for 1000 likes,Neutral
1000 ne like nandhe brother,Neutral
@Manjunath mtr tq bro,Neutral
Hands up yav pada pa,Neutral
@Kiran Kumar Halijol yes pa.. observe madlilla,Neutral
Matte Hands up enu?,Neutral
Agreed virat kohli looks,Neutral
Rashmika missed him!,Neutral
Music sup company,Neutral
Hand's up,Neutral
Rs fance like here,Neutral
karthick s I said dislikers,Neutral
Vishwajeet chauhan ok da cool,Neutral
K.s  .karthik  yash  fernd  nanbarn9916102619  devaraj,Neutral
days fixed,Neutral
Rakshit . Rishab,Neutral
super dancenAnd alsonJai Vijaya prakesh,Neutral
Send Hindi Vedio song link bro,Neutral
Kesari prasad Jois b f by,Neutral
APPU Fan,Neutral
From ಯಶ್ fans,Neutral
This comment deserves more likes,Neutral
Yes bro,Neutral
@basavana gouda what,Neutral
Who is after Howdu Huliya,Neutral
Looks like dboss dancing.... ..from dboss fan...,Neutral
kfi is not for single person,Neutral
I hope salmaan vai didn't watch it,Neutral
Culprit @ 3,Neutral
ಹೌದು ಹುಲಿಯ,Neutral
ONDU LIKES ELLA,Neutral
Bossu Bgm dance,Neutral
Vishnu Dada fans like madi,Neutral
@Mithun KUDLA andh Dani!,Neutral
Hang aytu,Neutral
Views got struck,Neutral
Hands up,Neutral
Rajesha C N,Neutral
@abhi k patil,Neutral
Yak late guru,Neutral
@Megharaj 1,Neutral
@prithvi nayak jai Roberrt,Neutral
mohan R gowda v,Neutral
manoj idu charetre,Neutral
@Shrthi Shrthi huiuu,Neutral
ರಕ್ಷಿತ್ ಶೆಟ್ಟಿ,Neutral
Eee song naa eeega nodthiroru like maadi,Neutral
E film yar yar nodiddera 🤘 like madi,Neutral
Rakshit Shetty,Neutral
Narayana. Character. Yariga  istha. Illi. Like. Madi,Neutral
Anyone after 10m like please,Neutral
Keli kadiruva bandhavarennBhuviyalli avana aritavarennYarilla bidi,Neutral
Daily  nodoru like madi,Neutral
ಈ ಚಲನಚಿತ್ರವನ್ನು ನೋಡಿದ ನಂತರ,Neutral
4 times per day,Neutral
@V B Ade,Neutral
Shashanka AS  ok,Neutral
Lingaraju  m,Neutral
Yudda maadabeku hogabaradu katukara(RASMIKA) nmunde BHAGAVTHGEETHE,Neutral
ಈ ಕತೆಯಲ್ಲಿ ಅವನನ್ನ ಹುಡುಕತಾ ಇದಿಯಾ nಅವನೇ ಶ್ರೀಮನ್ನಾರಾಯಣ( ಕಳುವಾದ ಲೂಟಿ)nಅವ್ನು ಯಾರಿಗೂ  ಸಿಗಲ್ಲ nಕೊನೆಗೆ ಎಲ್ಲದಕ್ಕೂ ಅವನೆ ದೊರೆ..(ಶ್ರೀ ಮನ್ನಾರಾಯಣ)nಅನ್ನೋರು ಲೈಕ್ ಮಾಡಿ,Neutral
Super Junior narayana,Neutral
Super  song. Like  is sing,Neutral
Who like rakshit Shety hit like,Neutral
ಇದು ಚರಿತ್ರೆ ಸ್ರಷ್ಠಿಸೋ ಅವತಾರ,Neutral
Hands up like madi,Neutral
@Aiswarya Soundarya hi,Neutral
@Aiswarya Soundarya hi mem..uta ayta mem....gn,Neutral
@RADHA RADHA gn mem,Neutral
@Aiswarya Soundarya HI mem vge,Neutral
Super sir 🤣,Neutral
Game name heli,Neutral
Bindu medam miss youuuuuu,Neutral
Yav game guru edu,Neutral
Marethidhru iga merili,Neutral
Super kantha,Neutral
Bro yav ooru nivu,Neutral
Hi bro yav urruuuuuuu ninduuuu Kollegala na,Neutral
Henu guru songs,Neutral
Pubg kooda ban agbeku guru..,Neutral
Bro hubli Mandi voice nallu madi chennagiruthe,Neutral
I waiting bro,Neutral
Anna yavuranna nindu...chamarajnagarana...,Neutral
Super bro nimdu chamrajnagar side navra,Neutral
Le tiktok hudugira yella pubg banni  AWM M4 use madodu hege anta helkodtini,Neutral
ಬಿಟ್ಟಸ್ಥಳ SA _a,Neutral
ಅವನೇ ಶ್ರೀಮನ್ನಾರಾಯಣ ASN,Neutral
ಇದು ಚರಿತ್ರೆ ಸೃಷ್ಟಿಸಿದ ಸಾಂಗ,Neutral
ಬಾರಿ ಸಿಂಪಲ್ ಹಾಡು... ಹಾಗೆ ಕೇಳ್ತಾನೆ ಇರಬೇಕು ಅನ್ನೋರು ಲೈಕ ಮಾಡಿ....,Neutral
IAM Andhra telugu Kannada super Jai Karnataka Jai kannada peoples emi movies raa Babu kannada industry  great Hollywood directors laga film teestaru  selute my brothers ex om film,Neutral
@Vinnu Kiran5320 oknAnta,Neutral
@STONERॐ VEDAS hello,Neutral
Super guru snLlnLlnnL,Neutral
ಉದಯ್ ಪವರ್ 0iijujuuiuu7jhu8,Neutral
K. BOOS.,Neutral
Super ulti song,Neutral
Step ge fans agidivi annoru give like,Neutral
@CHNADU Ganeshakar xxx,Neutral
@Hanumanthappa H S q1*50,Neutral
Vote for kuri prathap,Neutral
Shankar Nag Nenapugalu,Neutral
Soon may be next week,Neutral
n 0,Neutral
Nice steps like chirnjevi,Neutral
Sup song    HANDS UP  ASN,Neutral
Buety.. Guru..,Neutral
Pakk film sound madee  madutte annoruu like madii..,Neutral
Namm department nalli clark kaali adaaw yaradru candidates edry hyli n9901919091 WhatsApp msg maadriii,Neutral
R.N. Laxmi Mahadevl,Neutral
Ramesh Snakannanavar wey,Neutral
Ramesh Snakannanavar nLAR,Neutral
Dayanand 123 ಕಮಕಲಲ,Neutral
Gangadhar Adi nuchnnamallaya,Neutral
Nijavaglu Satya sir,Neutral
@Samuel Sam,Neutral
@Prasad Hegde super joke,Neutral
@Prasad Hegde Elli dull ide,Neutral
@Anil A Sir Making,Neutral
Vijaya prakash voice,Neutral
@dollegowda m hlo bro,Neutral
@Just Fun RS,Neutral
@vinay shivamogga 1000% Right,Neutral
@vinay shivamogga **uter,Neutral
ರಶ್ಮಿಕಾ ಮಂದಣ್ಣಳಿಗೆ ದೆಂ,Neutral
KGF 2   commentnASN      Like,Neutral
Full kdk,Neutral
Idu pakka sulllu,Neutral
ASN,Neutral
Ee music director d Boss Robert movige irli enuvru like mdidri,Neutral
ಎರಡೂ ಮಿಲಿಯನ್ ಆದಮೇಲೆ ಯಾರ್ಯಾರು ನೋಡ್ತಾ ಇದೀರ ಲೈಕ್ ಮಾಡಿ,Neutral
Only guru randhawa,Neutral
Song like kotigabba 2 track,Neutral
Nine sriman narayana,Neutral
Hands up e songige,Neutral
Film yavaga release?,Neutral
Hand's up,Neutral
Trending ...... Video.....Asn,Neutral
@vyv v even Producer for KP,Neutral
Yes i have join... it‍,Neutral
Yes I'm also,Neutral
Yes sir....I too join,Neutral
I too  join,Neutral
Naanu kooda join aagthini,Neutral
@Thippesh S sikkilla bro,Neutral
Nange aaki kastadalli idhene,Neutral
Howdu GurunAdre climax papa,Neutral
He is an tulu film actor tulunad Prince daring Star pruthvi..,Neutral
ದಿಯಾ ನೀವು ಸೋಷಿಯಲ್ ಮೀಡಿಯಾ ಅಲ್ಲಿ ಕಾಣ್ತಿಲ್ಲ.nದಯವಿಟ್ಟು ಪ್ರತಿಕ್ರಿಯಿಸಿ,Neutral
Amazon Prime li sigtide,Neutral
...so am I,Neutral
I love to learn Kannada languagenI love to speak in KannadanBecause I'm from KarnatakanKunda nagree Karnataka,Neutral
Difirent music & lirics,Neutral
@Girija Ram ಹೌದು..,Neutral
Hands up        $$,Neutral
Vijay Prakash,Neutral
Super guru shivumagod@gmail.com,Neutral
Adhunika Shankar nag,Neutral
ವಿ ಪಿ ಸರ್...,Neutral
Rakshit shetty Future superstar annoru Like madi,Neutral
Audience are customers,Neutral
@Asha Asha good be happy..,Neutral
@Subhash Kamble tq,Neutral
@Asha Asha wc,Neutral
Mee too sir please do consider,Neutral
kiran kumar same here,Neutral
Dub it to Malayalam,Neutral
Randhawa movie 10 rating ide,Neutral
@Pandiya Shri idre contact madi,Neutral
Manoj Kadakal same here,Neutral
ಏನು ಅಂತ ಗೊತ್ತಿಲ್ಲ,Neutral
@HITMAN gaming crt,Neutral
Yes tats y salman Khan,Neutral
@Sowjanya M.Y ha...sister,Neutral
@Chaitanya P hwdu,Neutral
Onde baari hattu cinema bandre,Neutral
Pmt andre yavdu?,Neutral
@Shashidhar A 10000% sathyavada maathu,Neutral
Kelsa made dudedu duddu tandu kode,Neutral
Rajesh Rao yeap bro,Neutral
@Nikistark x it's Kannada buddy,Neutral
@Nikistark x,Neutral
I hv one doubt gay gu ivarigu en difference heli,Neutral
ನಮ್ಮ ಬಾಸ್ ವಿಷ್ಣುವರ್ಧನ್ ಅವರಿಗೆ ಒಂದು ದಿನ ಪರಸ್ಥಿತಿ ಬಂದಿತ್ತು ಅವರ ಚಿತ್ರಗಳ ಸತತವಾಗಿ ಸೋಲುನ್ನು ಕಂಡವು ಮನೆಯಲ್ಲಿ ಹೇಳಿದರಂತೆ ನನಗೆ ಡ್ರೈವಿಂಗ್ ಬರತ್ತೆ ನಾನು ಡ್ರೈವಿಂಗ್ ಬರತ್ತೆ ಡ್ರೈವಿಂರಾಗಿ ಸೇರುತ್ತೇನೆ ಅಂದರು,Neutral
ಅವರಪ್ಪ ದುಡ್ಡು ಕೂಡಿ ಹಾಕಿ ಹೋಗಬೇಕಾಗಿತ್ತು.,Neutral
Basavaraj Marennavar bangaradamanususya,Neutral
ತಿಪ್ಪ ತಿಪ್ಪ ತೊಗರಿ ತಿಪ್ಪ,Neutral
ಬಸವರಾಜ ಕೆಂಚರಡ್ಡಿ,Neutral
ಬಸವರಾಜ ಕೆಂಚರಡ್ಡಿ asaraj,Neutral
Tippa andra tippa Togari Tippa,Neutral
ಉತ್ತರ ಕರ್ನಾಟಕದ ಭಾಗದಲ್ಲಿ ನಡೆದ ನೈಜ ಘಟನೆ ಆಧಾರಿತ ಕಥಾ ಸಂಗ್ರಹ,Neutral
@s.g. mathapati ಡ,Neutral
Hiryaru manyaga heltidru,Neutral
Aata barutta? 27 kke  show madtini,Neutral
Kalki Avathara(superb song),Neutral
ರಶ್ಮಿಕ ರಕ್ಷಿತ್ ಶೆಟ್ಟಿ ಬೆಳವಣಿಗೆ ನೋಡಿ ?,Neutral
Idu charitre srushtiso avatara e line kelidmele tak anta nenpagodu vijay prakash sir annovru like madi,Neutral
Hands up for #ASN,Neutral
Love you darling,Neutral
All Celebrities HandsUp Challenge |Avane Srimannarayana Movie |HandsUp Song Kannadan,Neutral
Ee song Virat Kohli & Modi ji ge perfect match akkati🥰n#ASN Rakshit anna,Neutral
simple star fans adoru like madi,Neutral
ಹ್ಯಾಪಿ ನ್ಯೂ year ಇನ್ ಅಡ್ವಾನ್ಸ್ ಅಂಡ್ ಇಮ್ ವೈಟಿಂಗ್  ಅವನೇ ಶ್ರೀಮನ್ನಾರಾಯಣ ರಕ್ಷಿತ್ ಶೆಟ್ಟಿ ಸರ್,Neutral
No doubt edu charitre srustiso  avatharane,Neutral
avAnE shriMAN NaRAyana..,Neutral
Rashmika vaapas baaro haagide,Neutral
@Nandini Gowda Genius,Neutral
tq kano,Neutral
@Abhigowda Abhigowda,Neutral
E movie pakka charitre shrustisuttade,Neutral
Like kiccha fans,Neutral
Sir lahari music navru karaoke uplode madtidare new song  nivu uplode madi  lyirical song ge karaoke add madi  uplode madi,Neutral
Idhu charithre shrushtiso haadu...,Neutral
@RADHA RADHA HI radha mem...uta ayta..sry month end wrk tumba jasti...free na,Neutral
Adarsh Sagar suppre,Neutral
Super song bro superrrrr......b,Neutral
ಈ ಹಾಡಿಗೆ ನನ್ನ ಕಡೆಯಿಂದ hands of,Neutral
I like u,Neutral
@Abhigowda Abhigowda birthday song,Neutral
Gali Matin Bazaru Sudi Saride Sumaru... Adu yen Andre...!nIDU CHARITRE SRUSTISO AVATARnVijay Prakash voice nice.,Neutral
ಮೆರೆಯಲಿ ಕನ್ನಡದ,Neutral
English movie RANGO dubb maadi ro movie,Neutral
ravi chandra ಸಂಗ ಸ,Neutral
Nivu madidu karekt,Neutral
Slow poison song annoru like madi,Neutral
Make it 100,Neutral
Yad Ustad Ali comedy,Neutral
Hands up,Neutral
10 ಮಿಲಿಯನ್ ವಿವ್ಸ್ ಆಗುತ್ತೆ ಅನ್ನೋರು ಲೈಕ್ ಮಾಡಿ,Neutral
Hands up !!!,Neutral
Loll pm llollpllllplllllllllpllpllplllllllllllllllllllllolllllnOlplnLol LMK ppllllllloll,Neutral
Hands up fans like here,Neutral
Praveen Rangu o,Neutral
@Bhavya S M   Duet,Neutral
@shambavi Sv hģfftt,Neutral
@Manju Iliger ..ķ   n2<90nLķìïhas qqàrt78.   'Ml07þ52,Neutral
Hi Chi ugh,Neutral
Looks very different,Neutral
@AJITH S SHETTY nanu karthik shetty manglurininda,Neutral
Dagar boobs ogo boddide,Neutral
@Praveen Kumar ನೀನಮ್ಮನ್ ಯಾಕೋ ಗಾಂಡು ತಿಕ್ ಊರಿನ,Neutral
Pwoli saanam my#$...,Neutral
FROM KING K-I-C-H-H-A -B-O-S-S BADSHAHA FANS ALL D BEST,Neutral
Jaanu R9 🤣,Neutral
*Pramod not Pamod,Neutral
Dboss fans  trailer superbb,Neutral
@raii rai paaapaa bro🤣,Neutral
Balepete badrushyana ()🤣🤣,Neutral
Super star Darshan fans ikada,Neutral
@Kavya V u wanna go there?,Neutral
@poojitha subbaiah Hai ennane ullira,Neutral
Yes 100% true,Neutral
gadag our city,Neutral
@RAM jnh MNR ss,Neutral
It looks like rangitharanga-2,Neutral
Tennis Krishna fans hit like,Neutral
dboss true fans like here,Neutral
Jai D BOSS,Neutral
Super I like it,Neutral
Movie sena ok,Neutral
D boss fans are like plzzz,Neutral
Jai d boss,Neutral
@Rajath Kunte okay.,Neutral
I like it I like it kantha.,Neutral
Thu thukali trailer,Neutral
Shettys>>>>Dboss+Raj kutumba+sarja family,Neutral
@kushal kumar,Neutral
GTA 5 BRO,Neutral
Description alli insta link akiddini nodi guruve,Neutral
Gta 5 bro,Neutral
Iii prends yaradru edira,Neutral
GTA 5 bro,Neutral
ನಿಮ್ಮ ಚಾನಲ್ ಗೆ subscribe ಆಗಿದಕ್ಕೆ ಕುಶಿ ಆಯಿತು,Neutral
ಖಂಡಿತ ಮಾಡೋಣ bro,Neutral
Ccccccn  Bbb,Neutral
Kgf 2,Neutral
Kiran MB it's swamake,Neutral
ಕೆಲಸ ಬೇಕಾnCall to 8546903696,Neutral
This year watch ondu shikariya kathe,Neutral
@Mr goodboy Swami,Neutral
@Naveen R Naan sigapu manithan,Neutral
Same syndrome namma maji cm gi itta??,Neutral
Hindi dubbed movie download link hd,Neutral
Trailer supernLast music like a Telugu movie raakshasudu,Neutral
Why is Voice still like teenage ?,Neutral
Love u   ajaneesh,Neutral
+Nabilal S ಕಗಬಜ,Neutral
Anjali Devi ಊಟ,Neutral
ningappa hutagannavar the best way is 4uíykhfjklbgkkñ,Neutral
sanjukuamar chatnale ಲಷಣ,Neutral
super bro bikat china,Neutral
Super super bro 🤣🤣,Neutral
@Shiva Prasad yes bro,Neutral
@sᴀɴᴅᴀʟᴡᴏᴏᴅ sᴛᴜᴅɪᴏ ᴍᴏᴠɪᴇs munde gottagutte,Neutral
Naveen Raj D Boss,Neutral
@kinu0505 guru avnu darshan fan alla yash fanu,Neutral
@10 R report madi avna,Neutral
@kinu0505 report him,Neutral
@9535684889 Chaithra enu sinchana gottaglilla,Neutral
@Nandi Parthasarathi sarcasm,Neutral
@Nandi Parthasarathi hahaha,Neutral
@Madan Kumar super,Neutral
@Nandi Parthasarathi,Neutral
@Madan Kumar Mister Modan kumor..... ascar yenu nobal price,Neutral
Nandini Parthasarathi d bass ge jai,Neutral
Currect agi helidri sir,Neutral
Sahi bola Bhai 🤣🤣🤣,Neutral
Superb  Bro..,Neutral
By no FBI do,Neutral
Xi XP Zurich,Neutral
@Manjunath mtr in,Neutral
Indian filmsnBefore ASNnafter ASN,Neutral
@Nandi Parthasarathi haa,Neutral
@Deekshit Chandra,Neutral
Udupi Inda Yarella bandiddiri?,Neutral
Howdu huliya,Neutral
@Ŕävîñđŕå_02_GøWđřú brother one point Nivu movie chennagi nodi BGM ULTI ide,Neutral
@Vishal Shetty ಯಾವನ್ ಗುರು ರವೀಂದ್ರ,Neutral
@Nandi Parthasarathi ಹ ನೀನು ಮುಂಡೆ ನ ಎಲ್ಲಾ ಮುಂಡೆಗಂಡಾ ನ ..?  I still confused,Neutral
@Nandi Parthasarathi ನಿ ಮುಂಡೆ,Neutral
@Nandi Parthasarathi ನಿ ಹಾದರಗಿತ್ತಿ,Neutral
@Nandi Parthasarathi ನೀನು ನಂಗ್ ಏನಾದ್ರು ಹುಟ್ಟಿದ್ಯ,Neutral
@Nandi Parthasarathi ಮಿಂಡ್ರಿ,Neutral
Jai Hind sir,Neutral
Good wareki sir 9845027639,Neutral
ಮೊದಲು ನೀನು ಧರ್ಮದ ಬಾಗೆ ನಿನಗೆಸತು ಗೊತ್ತು ಹೆಲ್ಲು,Neutral
video nodidare bhaya agutthe,Neutral
ನಮ್ಮನೆಗು ಬಂದಿದ್ದ ನಾನು ಅವನಿಗೆ ಹೇಳಿದೆ ನಿನ್ನ ಬಗ್ಗೆನೇ ಟಿವಿಯಲ್ಲಿ ತೋರಿಸುತ್ತಿದ್ದಾರೆ ಅಂದೆ ಅದಕ್ಕೆ ಅವನು ಹೇಳಿದ ಹೆಣ್ಣು ಕೋಡಬೇಕಂತ ಎಲ್ಲಾ ಕಡೆ ಹೋಡಕೋತ್ತಿದ್ದಾರೆ. ಅಂತ ಹೇಳಿದಾ,Neutral
Num mane ge bandidru,Neutral
Guru Pub G game.....,Neutral
JACK SPARROW R S,Neutral
@Aadharaamos  Well,Neutral
@Aadharaamos I've heard maadeva,Neutral
35M+ views,Neutral
after karaabu*,Neutral
L in in? Pkk I,Neutral
@Manoj Prince yenu illa bro,Neutral
ಇ ಎಡಿಟ್ ಹೇಗಿದೆn,Neutral
@Raja Vishnuvardhana Agreed,Neutral
Telugu lo super,Neutral
Most liked song in KFI.,Neutral
It is karabu.,Neutral
34 m v,Neutral
Oh Broi  Tqusm🤩,Neutral
Tkindidtuuihbjiygi KJ jMwuhMuyc,Neutral
full videos link iddare haaki...,Neutral
Yudda madabeku oda baradu katukaramunde bagavatgeete fire,Neutral
@AMEET M q,Neutral
@Rajesh0823 R all//p,Neutral
ಮೈಸೂರು .ಎಂ.ಪಿ qhqjrjsrlfktiskg,Neutral
Only Kannada no English,Neutral
ಕನ್ನಡ ಫಿಲ್ಮ್ ಹಿಸ್ಟರಿ ನಲ್ಲ್ಲಿ ಎರಡು ಕಾಲ ಘಟ್ಟ ಇರುತ್ತೆ,Neutral
Trailer tumba channagide,Neutral
Entha movie multi language barbeku,Neutral
Ee movieyinda dodda mattada success siguthhe Prajwal sirge.,Neutral
@Naveen R Naan sigapu manithan,Neutral
Same syndrome namma maji cm gi itta??,Neutral
ವಾಹ್!!! Trailer ಅದ್ಭುತವಾಗಿದೆ.n,Neutral
Super trailer praju Anna,Neutral
ಪ್ರಜ್ವಲ್ ದೇವರಾಜ್ sir is  back,Neutral
Trailer ತುಂಬಾನೇ ಚೆನ್ನಾಗಿದೆ,Neutral
Supper anna,Neutral
ನಮ್ಮ ಕನ್ನಡ ಹೀರೋಗಳ ಲೆವೆಲ್ change agide after kgf.,Neutral
E tara film ge ella kaitaididdu.... Welcooome..... Item song iro,Neutral
Bollywood range nali ide super song🤔,Neutral
Amazing  song gudluk to alla team ..super vp sir,Neutral
All the BEST SANDALWOODಒಡೆಯಾ ಡೀ ಬಾಸ್ ಫ್ಯಾನ್ಸ್,Neutral
Music superaagi kottidiya guru,Neutral
ಇದು ಚರಿತ್ರೆ ಸೃಷ್ಟಿಸೋ ಅವತಾರ,Neutral
Nice music sir,Neutral
super  song,Neutral
FOCUS KARNATAKA howdhu 🤪,Neutral
ಜೈ ಭುವನೇಶ್ವರಿ 🤗,Neutral
ಜೈ ಕನ್ನಡ,Neutral
@Thilak Kumar  e ondu mathu    saku bro    Kannada   industry ge support,Neutral
@shivaraj shivu ನಾನು ದೊಡ್ಡಬಳ್ಳಾಪುರದ ಅಸಲಿ ಕನ್ನಡಿಗ,Neutral
@Manju Sonu  ಅಭಿನಂದನೆ,Neutral
@Kiran R  ಸಿನಿಮಾ  ನೋಡಿ promotion ಮಾಡಿ,Neutral
Superb song BGM super,Neutral
ಸೂಪರ್ ಸಾಂಗ್  ಹುಲಿಯ,Neutral
Bere Level #ASN #'Hands Up',Neutral
Supar stups ser,Neutral
Super song..nnn Loved it,Neutral
ರಕ್ಷಿತ್  ಶೆಟ್ಟಿ  ಸೈಲೆಂಟ್  ಕಿಲ್ಲರ್,Neutral
Pakka kannadigana Movie super,Neutral
ಆಶ್ವತಾಮ ಇನೂ ಬದಕಿದಾನಾ,Neutral
ಬೆಂಗಳೂರಿಗೂ ಬಂದಿದ್ದರು ಅಶ್ವತ್ಥಾಮ,Neutral
ನಮ್ ಮನೆಗೂ ಬಂದಿದ್ರು 2 ಬಿಯರ್ ಕುಡ್ಸಿ ಕಳ್ಸ್ದೆ,Neutral
Anna aswathama ge kannada barutta,Neutral
ಮಹಾಭಾರತದ ಕಾಲದ ಭಾಷೆ ಯಾವುದಾಗಿತು,Neutral
ಅಶ್ವತ್ಥಮ್ ನಿಗೆ  ಎಷ್ಟು ಭಾಷೆ ಬರುತ್ತವೆ ಅಥವಾ ಯಾವ ಭಾಷೆ ಬರುತ್ತೆ?,Neutral
Nijana edhu,Neutral
HOWDU bro nan nodidini TV yalli barthavne,Neutral
Doctor Avrige avana bahse hege gottu.,Neutral
Super move,Neutral
Super  song,Neutral
Super movie guru,Neutral
Movie is ossum,Neutral
Singer voice awesome,Neutral
Kannada super song,Neutral
Super song,Neutral
ರಶ್ಮಿಕಾ ಗಿಂತ ಒಳ್ಳೆ ಹುಡುಗಿ ಸಿಗಲಿ ಒಳ್ಳೇದು ಅಗುಲಿ ನಿಮಗೆ,Neutral
ಈ ಹಾಡಿಗೆ ಅಚ್ಚ ಕನ್ನಡದಲ್ಲಿ ಸಾಹಿತ್ಯ ಬರೆದಿರುವ ನಾಗಾರ್ಜುನ ಶರ್ಮಾ,Neutral
@Sanju Sp adhu gun hesru,Neutral
Super song alva,Neutral
Deserves more views.,Neutral
ಎಂಥ lines,Neutral
Film benki ide gurunKannada film industry li ide Tara saviraru cinema barli,Neutral
May be after hamsaleka,Neutral
Super songu guru,Neutral
"Meeting session same as always, no changes.",Neutral
"Bore aaytu but that's okay, nothing new happened.",Neutral
"Nanna day normal, just like any other.",Neutral
"Bore aaytu but that's okay, nothing new happened.",Neutral
"Meeting meeting same as always, no changes.",Neutral
"Office project was routine, pretty usual.",Neutral
"session went fine, no surprises.",Neutral
"Nanna day neutral, just like any other.",Neutral
"Adhe movie repeated today, nothing interesting.",Neutral
"Work at mall was normal, just routine stuff.",Neutral
"Adhe movie repeated today, nothing interesting.",Neutral
"session went fine, no surprises.",Neutral
"Nale visit ide, but nothing exciting.",Neutral
"Adhe class repeated today, nothing interesting.",Neutral
"meeting went fine, no surprises.",Neutral
"Meeting meeting same as always, no changes.",Neutral
"Office task was routine, pretty usual.",Neutral
"Bore aaytu but that's okay, nothing new happened.",Neutral
"Adhe work repeated today, nothing interesting.",Neutral
"update went fine, no surprises.",Neutral
"session went fine, no surprises.",Neutral
"discussion went fine, no surprises.",Neutral
"Meeting discussion same as always, no changes.",Neutral
"work was ok, not much happening around.",Neutral
"work was ok, not much happening around.",Neutral
"discussion went fine, no surprises.",Neutral
"Office presentation was routine, pretty usual.",Neutral
"Office report was routine, pretty usual.",Neutral
"Ivattu project calm ide, nothing special.",Neutral
"work was ok, not much happening around.",Neutral
"shopping was ok, not much happening around.",Neutral
"Office report was routine, pretty usual.",Neutral
"Office assignment was routine, pretty usual.",Neutral
"Adhe class repeated today, nothing interesting.",Neutral
"Adhe class repeated today, nothing interesting.",Neutral
"Office report was routine, pretty usual.",Neutral
"Work at park was normal, just routine stuff.",Neutral
"Nanna day average, just like any other.",Neutral
"Adhe project repeated today, nothing interesting.",Neutral
"Adhe project repeated today, nothing interesting.",Neutral
"Ivattu movie calm ide, nothing special.",Neutral
"Ivattu shopping calm ide, nothing special.",Neutral
"Ivattu movie calm ide, nothing special.",Neutral
"Meeting meeting same as always, no changes.",Neutral
"Work at mall was normal, just routine stuff.",Neutral
"work was ok, not much happening around.",Neutral
"Nanna day normal, just like any other.",Neutral
"Bore aaytu but that's okay, nothing new happened.",Neutral
"shopping was ok, not much happening around.",Neutral
"Meeting event same as always, no changes.",Neutral
"Ivattu meeting calm ide, nothing special.",Neutral
"Adhe shopping repeated today, nothing interesting.",Neutral
"project was ok, not much happening around.",Neutral
"Nanna day okay, just like any other.",Neutral
"Meeting update same as always, no changes.",Neutral
"Meeting session same as always, no changes.",Neutral
"Ivattu class calm ide, nothing special.",Neutral
"Work at school was normal, just routine stuff.",Neutral
"Office report was routine, pretty usual.",Neutral
"Office report was routine, pretty usual.",Neutral
"Ivattu school calm ide, nothing special.",Neutral
"Nale lunch ide, but nothing exciting.",Neutral
"Nale lunch ide, but nothing exciting.",Neutral
"Meeting session same as always, no changes.",Neutral
"Office presentation was routine, pretty usual.",Neutral
"Meeting update same as always, no changes.",Neutral
"Bore aaytu but that's okay, nothing new happened.",Neutral
"Adhe class repeated today, nothing interesting.",Neutral
"Nanna day okay, just like any other.",Neutral
"Office project was routine, pretty usual.",Neutral
"Adhe work repeated today, nothing interesting.",Neutral
"meeting went fine, no surprises.",Neutral
"Nanna day okay, just like any other.",Neutral
"Adhe work repeated today, nothing interesting.",Neutral
"Office task was routine, pretty usual.",Neutral
"Work at park was normal, just routine stuff.",Neutral
"Nale call ide, but nothing exciting.",Neutral
"meeting was ok, not much happening around.",Neutral
"Office assignment was routine, pretty usual.",Neutral
"movie was ok, not much happening around.",Neutral
"shopping was ok, not much happening around.",Neutral
"Ivattu work calm ide, nothing special.",Neutral
"Bore aaytu but that's okay, nothing new happened.",Neutral
"Work at store was normal, just routine stuff.",Neutral
"Bore aaytu but that's okay, nothing new happened.",Neutral
"Bore aaytu but that's okay, nothing new happened.",Neutral
"Bore aaytu but that's okay, nothing new happened.",Neutral
"Nanna day okay, just like any other.",Neutral
"Nale dinner ide, but nothing exciting.",Neutral
"discussion went fine, no surprises.",Neutral
"Adhe school repeated today, nothing interesting.",Neutral
"Office assignment was routine, pretty usual.",Neutral
"Work at school was normal, just routine stuff.",Neutral
"Adhe school repeated today, nothing interesting.",Neutral
"Office assignment was routine, pretty usual.",Neutral
"Office task was routine, pretty usual.",Neutral
"Ivattu class calm ide, nothing special.",Neutral
"update went fine, no surprises.",Neutral
"Office task was routine, pretty usual.",Neutral
"Office presentation was routine, pretty usual.",Neutral
"Work at mall was normal, just routine stuff.",Neutral
"Ivattu class calm ide, nothing special.",Neutral
"Meeting meeting same as always, no changes.",Neutral
"Office project was routine, pretty usual.",Neutral
"Adhe work repeated today, nothing interesting.",Neutral
"Adhe shopping repeated today, nothing interesting.",Neutral
"Office report was routine, pretty usual.",Neutral
"Meeting meeting same as always, no changes.",Neutral
"discussion went fine, no surprises.",Neutral
"Adhe class repeated today, nothing interesting.",Neutral
"Nanna day usual, just like any other.",Neutral
"movie was ok, not much happening around.",Neutral
"shopping was ok, not much happening around.",Neutral
"Adhe class repeated today, nothing interesting.",Neutral
"Bore aaytu but that's okay, nothing new happened.",Neutral
"event went fine, no surprises.",Neutral
"Adhe shopping repeated today, nothing interesting.",Neutral
"Meeting session same as always, no changes.",Neutral
"Bore aaytu but that's okay, nothing new happened.",Neutral
"Meeting event same as always, no changes.",Neutral
"Nale meeting ide, but nothing exciting.",Neutral
"Nale outing ide, but nothing exciting.",Neutral
"Ivattu shopping calm ide, nothing special.",Neutral
"meeting went fine, no surprises.",Neutral
"class was ok, not much happening around.",Neutral
"Nanna day normal, just like any other.",Neutral
"Office assignment was routine, pretty usual.",Neutral
"Work at park was normal, just routine stuff.",Neutral
"Ivattu school calm ide, nothing special.",Neutral
"Meeting discussion same as always, no changes.",Neutral
"Adhe work repeated today, nothing interesting.",Neutral
"Office project was routine, pretty usual.",Neutral
"Ivattu project calm ide, nothing special.",Neutral
"Nale lunch ide, but nothing exciting.",Neutral
"Work at store was normal, just routine stuff.",Neutral
"Meeting discussion same as always, no changes.",Neutral
"Ivattu school calm ide, nothing special.",Neutral
"update went fine, no surprises.",Neutral
"Office assignment was routine, pretty usual.",Neutral
"Bore aaytu but that's okay, nothing new happened.",Neutral
"Nale lunch ide, but nothing exciting.",Neutral
"Work at office was normal, just routine stuff.",Neutral
"Nanna day neutral, just like any other.",Neutral
"Adhe movie repeated today, nothing interesting.",Neutral
"Adhe meeting repeated today, nothing interesting.",Neutral
"Bore aaytu but that's okay, nothing new happened.",Neutral
"Work at office was normal, just routine stuff.",Neutral
"Work at school was normal, just routine stuff.",Neutral
"Ivattu shopping calm ide, nothing special.",Neutral
"Ivattu work calm ide, nothing special.",Neutral
"Nanna day okay, just like any other.",Neutral
"Bore aaytu but that's okay, nothing new happened.",Neutral
"movie was ok, not much happening around.",Neutral
"school was ok, not much happening around.",Neutral
"Ivattu work calm ide, nothing special.",Neutral
"session went fine, no surprises.",Neutral
"Office assignment was routine, pretty usual.",Neutral
"Work at mall was normal, just routine stuff.",Neutral
"project was ok, not much happening around.",Neutral
"Nanna day normal, just like any other.",Neutral
"session went fine, no surprises.",Neutral
"Office task was routine, pretty usual.",Neutral
"Bore aaytu but that's okay, nothing new happened.",Neutral
"Adhe shopping repeated today, nothing interesting.",Neutral
"Nanna day average, just like any other.",Neutral
"Bore aaytu but that's okay, nothing new happened.",Neutral
"Meeting update same as always, no changes.",Neutral
"Office report was routine, pretty usual.",Neutral
"Adhe shopping repeated today, nothing interesting.",Neutral
"Office report was routine, pretty usual.",Neutral
"Nale call ide, but nothing exciting.",Neutral
"Nale meeting ide, but nothing exciting.",Neutral
"Ivattu project calm ide, nothing special.",Neutral
"Nale outing ide, but nothing exciting.",Neutral
"Meeting update same as always, no changes.",Neutral
"Work at school was normal, just routine stuff.",Neutral
"Ivattu shopping calm ide, nothing special.",Neutral
"Nale call ide, but nothing exciting.",Neutral
"Nale lunch ide, but nothing exciting.",Neutral
